locus	alleles	rsid	a_index	was_split	AC_raw	AN_raw	AF_raw	AC	AN	AF	case_non_ref	con_non_ref	case_ref	con_ref	fisher.p_value	fisher.odds_ratio	fisher.ci_95_lower	fisher.ci_95_upper
chr12:120291824	["T","G"]	NA	2	true	44	70818	6.2131096E-4	41	70462	5.8187393E-4	18	2	7682	20852	5.9113e-09	2.4428e+01	5.8460e+00	2.1630e+02
chr12:120291865	["T","A"]	NA	1	true	6	71038	8.446184E-5	6	70988	8.452133E-5	5	0	7695	20854	1.4246e-03	Infinity	2.4825e+00	Infinity
chr12:120291970	["C","G"]	NA	2	true	34	71042	4.7859014E-4	34	70978	4.7902166E-4	15	16	7685	20838	1.3175e-02	2.5420e+00	1.1700e+00	5.4931e+00
chr12:120291875	["T","C"]	NA	1	true	9	71044	1.2668206E-4	8	70964	1.12733214E-4	5	3	7695	20851	3.7464e-02	4.5158e+00	8.7838e-01	2.9101e+01
chr12:120291817	["G","A"]	NA	1	true	13	71030	1.8302126E-4	13	70954	1.832173E-4	7	6	7693	20848	5.3034e-02	3.1615e+00	9.0944e-01	1.1388e+01
chr12:120291706	["C","A"]	NA	1	true	4	71036	5.6309476E-5	4	70974	5.6358665E-5	3	1	7697	20853	6.2561e-02	8.1265e+00	6.5244e-01	4.2565e+02
chr12:120291870	["C","T"]	NA	1	false	5	71038	7.0384864E-5	5	70946	7.047613E-5	3	1	7697	20853	6.2561e-02	8.1265e+00	6.5244e-01	4.2565e+02
chr12:120291944	["A","C"]	NA	1	true	9	71024	1.2671773E-4	1	70908	1.4102781E-5	5	4	7695	20850	6.5854e-02	3.3865e+00	7.2874e-01	1.7069e+01
chr12:120291976	["G","C"]	NA	1	false	10	71020	1.4080541E-4	10	70932	1.4098009E-4	0	10	7700	20844	7.1677e-02	0.0000e+00	0.0000e+00	1.2080e+00
chr12:120291748	["CTT","C"]	NA	1	true	3	70944	4.2286872E-5	3	70798	4.237408E-5	2	0	7698	20854	7.2712e-02	Infinity	5.0867e-01	Infinity
chr12:120291773	["G","A"]	NA	1	true	2	71032	2.8156324E-5	2	70968	2.8181716E-5	2	0	7698	20854	7.2712e-02	Infinity	5.0867e-01	Infinity
chr12:120291789	["C","T"]	NA	2	true	8	71040	1.12612615E-4	8	70950	1.12755464E-4	4	3	7696	20851	9.0116e-02	3.6122e+00	6.1096e-01	2.4665e+01
chr12:120291918	["C","T"]	NA	3	true	18	71032	2.534069E-4	18	70896	2.5389303E-4	8	10	7692	20844	1.1076e-01	2.1678e+00	7.4317e-01	6.1029e+00
chr12:120291740	["T","A"]	NA	1	true	5	70986	7.043642E-5	5	70786	7.063543E-5	2	1	7698	20853	1.7893e-01	5.4174e+00	2.8198e-01	3.1899e+02
chr12:120291748	["C","T"]	NA	2	true	3	70944	4.2286872E-5	3	70798	4.237408E-5	2	1	7698	20853	1.7893e-01	5.4174e+00	2.8198e-01	3.1899e+02
chr12:120291866	["A","G"]	NA	1	false	3	71038	4.223092E-5	3	70974	4.2269E-5	2	1	7698	20853	1.7893e-01	5.4174e+00	2.8198e-01	3.1899e+02
chr12:120291878	["C","T"]	NA	2	true	4	71030	5.6314235E-5	4	70942	5.6384088E-5	2	1	7698	20853	1.7893e-01	5.4174e+00	2.8198e-01	3.1899e+02
chr12:120291956	["T","G"]	NA	2	true	3	71036	4.2232106E-5	3	70950	4.2283296E-5	2	1	7698	20853	1.7893e-01	5.4174e+00	2.8198e-01	3.1899e+02
chr12:120291818	["G","A"]	NA	1	true	12	71024	1.6895698E-4	12	70938	1.6916181E-4	5	6	7695	20848	1.8013e-01	2.2577e+00	5.4488e-01	8.8811e+00
chr12:120291876	["G","A"]	NA	1	false	34	71026	4.7869794E-4	33	70916	4.6533928E-4	4	23	7696	20831	1.9468e-01	4.7073e-01	1.1830e-01	1.3784e+00
chr12:120291844	["T","C"]	NA	1	true	6	71046	8.4452324E-5	6	70960	8.455468E-5	0	6	7700	20848	2.0065e-01	0.0000e+00	0.0000e+00	2.3001e+00
chr12:120291777	["G","A"]	NA	1	false	8	71032	1.126253E-4	8	70984	1.12701455E-4	0	7	7700	20847	2.0092e-01	0.0000e+00	0.0000e+00	1.8789e+00
chr12:120291746	["G","A"]	NA	1	true	9	70872	1.269895E-4	9	70662	1.273669E-4	4	4	7696	20850	2.2368e-01	2.7091e+00	5.0446e-01	1.4547e+01
chr12:120291994	["C","T"]	NA	1	false	26	71034	3.660219E-4	26	70952	3.6644493E-4	9	15	7691	20839	2.5303e-01	1.6257e+00	6.2700e-01	3.9666e+00
chr12:120291716	["T","C"]	NA	2	true	10	71028	1.4078955E-4	10	70906	1.410318E-4	4	5	7696	20849	2.6339e-01	2.1672e+00	4.2992e-01	1.0073e+01
chr12:120291926	["G","A"]	NA	1	false	9	71032	1.2670345E-4	9	70908	1.2692504E-4	4	5	7696	20849	2.6339e-01	2.1672e+00	4.2992e-01	1.0073e+01
chr12:120291723	["A","C"]	NA	4	true	1	71014	1.408173E-5	1	70828	1.411871E-5	1	0	7699	20854	2.6966e-01	Infinity	6.9444e-02	Infinity
chr12:120291729	["T","G"]	NA	2	true	1	70994	1.4085697E-5	1	70806	1.4123097E-5	1	0	7699	20854	2.6966e-01	Infinity	6.9444e-02	Infinity
chr12:120291730	["A","C"]	NA	2	true	1	70990	1.4086491E-5	1	70814	1.4121501E-5	1	0	7699	20854	2.6966e-01	Infinity	6.9444e-02	Infinity
chr12:120291733	["A","C"]	NA	2	true	1	70932	1.4098009E-5	0	70698	0.0	1	0	7699	20854	2.6966e-01	Infinity	6.9444e-02	Infinity
chr12:120291733	["A","G"]	NA	3	true	2	70932	2.8196018E-5	2	70698	2.8289343E-5	1	0	7699	20854	2.6966e-01	Infinity	6.9444e-02	Infinity
chr12:120291743	["T","G"]	NA	1	false	1	71006	1.4083317E-5	1	70810	1.4122299E-5	1	0	7699	20854	2.6966e-01	Infinity	6.9444e-02	Infinity
chr12:120291750	["T","C"]	NA	1	true	1	71020	1.40805405E-5	1	70946	1.4095227E-5	1	0	7699	20854	2.6966e-01	Infinity	6.9444e-02	Infinity
chr12:120291751	["TTAAA","T"]	NA	2	true	2	70960	2.8184893E-5	2	70842	2.823184E-5	1	0	7699	20854	2.6966e-01	Infinity	6.9444e-02	Infinity
chr12:120291757	["A","C"]	NA	1	true	2	71032	2.8156324E-5	2	70990	2.8172983E-5	1	0	7699	20854	2.6966e-01	Infinity	6.9444e-02	Infinity
chr12:120291758	["T","A"]	NA	1	true	1	71044	1.4075784E-5	1	71012	1.4082127E-5	1	0	7699	20854	2.6966e-01	Infinity	6.9444e-02	Infinity
chr12:120291763	["T","G"]	NA	2	true	1	71040	1.4076577E-5	1	70952	1.4094036E-5	1	0	7699	20854	2.6966e-01	Infinity	6.9444e-02	Infinity
chr12:120291779	["C","T"]	NA	2	true	1	71038	1.4076973E-5	1	70956	1.4093241E-5	1	0	7699	20854	2.6966e-01	Infinity	6.9444e-02	Infinity
chr12:120291788	["C","T"]	NA	1	false	1	71022	1.4080144E-5	1	70942	1.4096022E-5	1	0	7699	20854	2.6966e-01	Infinity	6.9444e-02	Infinity
chr12:120291792	["T","G"]	NA	3	true	2	71044	2.8151568E-5	2	71006	2.8166634E-5	1	0	7699	20854	2.6966e-01	Infinity	6.9444e-02	Infinity
chr12:120291801	["T","C"]	NA	1	true	1	71048	1.4074992E-5	1	71002	1.408411E-5	1	0	7699	20854	2.6966e-01	Infinity	6.9444e-02	Infinity
chr12:120291805	["T","G"]	NA	3	true	1	71040	1.4076577E-5	1	70982	1.4088078E-5	1	0	7699	20854	2.6966e-01	Infinity	6.9444e-02	Infinity
chr12:120291806	["C","G"]	NA	1	true	3	71042	4.222854E-5	3	70986	4.2261854E-5	1	0	7699	20854	2.6966e-01	Infinity	6.9444e-02	Infinity
chr12:120291809	["G","C"]	NA	2	true	1	71030	1.4078559E-5	1	70976	1.408927E-5	1	0	7699	20854	2.6966e-01	Infinity	6.9444e-02	Infinity
chr12:120291813	["T","G"]	NA	2	true	1	71040	1.4076577E-5	1	70988	1.4086888E-5	1	0	7699	20854	2.6966e-01	Infinity	6.9444e-02	Infinity
chr12:120291817	["G","T"]	NA	2	true	1	71030	1.4078559E-5	1	70954	1.4093638E-5	1	0	7699	20854	2.6966e-01	Infinity	6.9444e-02	Infinity
chr12:120291818	["G","GA"]	NA	2	true	1	71024	1.4079747E-5	1	70938	1.4096817E-5	1	0	7699	20854	2.6966e-01	Infinity	6.9444e-02	Infinity
chr12:120291827	["T","C"]	NA	1	true	1	71038	1.4076973E-5	0	70956	0.0	1	0	7699	20854	2.6966e-01	Infinity	6.9444e-02	Infinity
chr12:120291827	["TG","T"]	NA	2	true	1	71038	1.4076973E-5	1	70956	1.4093241E-5	1	0	7699	20854	2.6966e-01	Infinity	6.9444e-02	Infinity
chr12:120291857	["G","T"]	NA	1	false	1	71010	1.4082523E-5	1	70902	1.41039745E-5	1	0	7699	20854	2.6966e-01	Infinity	6.9444e-02	Infinity
chr12:120291863	["G","C"]	NA	2	true	1	71028	1.4078954E-5	1	70956	1.4093241E-5	1	0	7699	20854	2.6966e-01	Infinity	6.9444e-02	Infinity
chr12:120291868	["A","C"]	NA	1	false	1	71036	1.4077369E-5	1	70942	1.4096022E-5	1	0	7699	20854	2.6966e-01	Infinity	6.9444e-02	Infinity
chr12:120291878	["C","G"]	NA	1	true	8	71030	1.1262847E-4	8	70942	1.12768175E-4	1	0	7699	20854	2.6966e-01	Infinity	6.9444e-02	Infinity
chr12:120291889	["C","T"]	NA	2	true	1	71028	1.4078954E-5	1	70940	1.4096419E-5	1	0	7699	20854	2.6966e-01	Infinity	6.9444e-02	Infinity
chr12:120291894	["G","C"]	NA	2	true	1	71040	1.4076577E-5	1	70934	1.4097612E-5	1	0	7699	20854	2.6966e-01	Infinity	6.9444e-02	Infinity
chr12:120291909	["G","GGC"]	NA	4	true	1	71036	1.4077369E-5	1	70886	1.4107158E-5	1	0	7699	20854	2.6966e-01	Infinity	6.9444e-02	Infinity
chr12:120291909	["GGT","G"]	NA	3	true	1	71036	1.4077369E-5	1	70886	1.4107158E-5	1	0	7699	20854	2.6966e-01	Infinity	6.9444e-02	Infinity
chr12:120291911	["T","A"]	NA	1	true	1	70962	1.4092049E-5	1	70556	1.4173139E-5	1	0	7699	20854	2.6966e-01	Infinity	6.9444e-02	Infinity
chr12:120291914	["TG","T"]	NA	3	true	1	70824	1.4119508E-5	0	70704	0.0	1	0	7699	20854	2.6966e-01	Infinity	6.9444e-02	Infinity
chr12:120291919	["G","C"]	NA	2	true	2	71016	2.8162667E-5	2	70884	2.8215112E-5	1	0	7699	20854	2.6966e-01	Infinity	6.9444e-02	Infinity
chr12:120291924	["C","A"]	NA	1	false	1	71022	1.4080144E-5	0	70880	0.0	1	0	7699	20854	2.6966e-01	Infinity	6.9444e-02	Infinity
chr12:120291929	["C","G"]	NA	1	false	1	71032	1.4078162E-5	1	70942	1.4096022E-5	1	0	7699	20854	2.6966e-01	Infinity	6.9444e-02	Infinity
chr12:120291963	["T","C"]	NA	1	false	1	71040	1.4076577E-5	1	70928	1.4098804E-5	1	0	7699	20854	2.6966e-01	Infinity	6.9444e-02	Infinity
chr12:120291964	["G","T"]	NA	1	false	3	71044	4.222735E-5	3	70976	4.226781E-5	1	0	7699	20854	2.6966e-01	Infinity	6.9444e-02	Infinity
chr12:120291978	["G","T"]	NA	1	false	1	71028	1.4078954E-5	1	70962	1.4092049E-5	1	0	7699	20854	2.6966e-01	Infinity	6.9444e-02	Infinity
chr12:120291987	["T","C"]	NA	1	false	1	71044	1.4075784E-5	1	70992	1.4086094E-5	1	0	7699	20854	2.6966e-01	Infinity	6.9444e-02	Infinity
chr12:120291997	["G","C"]	NA	1	false	1	71038	1.4076973E-5	1	70960	1.4092447E-5	1	0	7699	20854	2.6966e-01	Infinity	6.9444e-02	Infinity
chr12:120291715	["A","G"]	NA	2	true	4	71050	5.629838E-5	4	70946	5.6380908E-5	2	2	7698	20852	2.9529e-01	2.7086e+00	1.9630e-01	3.7374e+01
chr12:120291727	["C","G"]	NA	2	true	4	70528	5.6715064E-5	4	70342	5.6865032E-5	2	2	7698	20852	2.9529e-01	2.7086e+00	1.9630e-01	3.7374e+01
chr12:120291733	["A","T"]	NA	4	true	4	70932	5.6392037E-5	4	70698	5.6578687E-5	2	2	7698	20852	2.9529e-01	2.7086e+00	1.9630e-01	3.7374e+01
chr12:120291747	["A","G"]	NA	1	true	7	70946	9.866659E-5	7	70816	9.884772E-5	2	2	7698	20852	2.9529e-01	2.7086e+00	1.9630e-01	3.7374e+01
chr12:120291758	["T","G"]	NA	3	true	5	71044	7.037892E-5	5	71012	7.0410635E-5	2	2	7698	20852	2.9529e-01	2.7086e+00	1.9630e-01	3.7374e+01
chr12:120291764	["C","T"]	NA	2	true	4	71036	5.6309476E-5	4	70972	5.6360255E-5	2	2	7698	20852	2.9529e-01	2.7086e+00	1.9630e-01	3.7374e+01
chr12:120291853	["T","C"]	NA	1	true	4	71022	5.6320576E-5	4	70954	5.6374553E-5	2	2	7698	20852	2.9529e-01	2.7086e+00	1.9630e-01	3.7374e+01
chr12:120291886	["C","T"]	NA	2	true	5	71036	7.038684E-5	5	70954	7.046819E-5	2	2	7698	20852	2.9529e-01	2.7086e+00	1.9630e-01	3.7374e+01
chr12:120291906	["A","AT"]	NA	1	true	6	71042	8.445708E-5	6	70916	8.460714E-5	2	2	7698	20852	2.9529e-01	2.7086e+00	1.9630e-01	3.7374e+01
chr12:120291811	["C","T"]	NA	2	true	14	71030	1.9709981E-4	14	70970	1.9726645E-4	1	9	7699	20845	3.0572e-01	3.0083e-01	6.8663e-03	2.1717e+00
chr12:120291881	["C","T"]	NA	1	false	14	71036	1.9708317E-4	14	70970	1.9726645E-4	1	9	7699	20845	3.0572e-01	3.0083e-01	6.8663e-03	2.1717e+00
chr12:120291877	["G","A"]	NA	1	false	15	71028	2.1118432E-4	15	70936	2.1145822E-4	5	7	7695	20847	3.2579e-01	1.9352e+00	4.8416e-01	7.0851e+00
chr12:120291797	["A","G"]	NA	1	false	34	71040	4.7860362E-4	34	70992	4.789272E-4	11	21	7689	20833	3.2601e-01	1.4192e+00	6.1765e-01	3.0808e+00
chr12:120291732	["A","T"]	NA	3	true	7	70960	9.864713E-5	7	70766	9.891756E-5	0	5	7700	20849	3.3307e-01	0.0000e+00	0.0000e+00	2.9556e+00
chr12:120291805	["T","C"]	NA	2	true	5	71040	7.0382885E-5	5	70982	7.0440394E-5	0	5	7700	20849	3.3307e-01	0.0000e+00	0.0000e+00	2.9556e+00
chr12:120291809	["G","A"]	NA	1	true	5	71030	7.0392794E-5	5	70976	7.0446345E-5	0	5	7700	20849	3.3307e-01	0.0000e+00	0.0000e+00	2.9556e+00
chr12:120291865	["T","C"]	NA	2	true	7	71038	9.853881E-5	7	70988	9.8608216E-5	3	3	7697	20851	3.5343e-01	2.7089e+00	3.6274e-01	2.0229e+01
chr12:120291752	["T","TA"]	NA	3	true	13	71006	1.8308312E-4	13	70908	1.8333616E-4	5	8	7695	20846	3.5541e-01	1.6931e+00	4.3564e-01	5.8724e+00
chr12:120291742	["T","C"]	NA	1	true	29	70994	4.084852E-4	29	70798	4.096161E-4	4	19	7696	20835	3.5681e-01	5.6994e-01	1.4099e-01	1.7158e+00
chr12:120291758	["T","C"]	NA	2	true	27	71044	3.8004617E-4	27	71012	3.8021742E-4	4	19	7696	20835	3.5681e-01	5.6994e-01	1.4099e-01	1.7158e+00
chr12:120291812	["G","A"]	NA	1	true	8	71024	1.1263798E-4	8	70956	1.12745925E-4	3	4	7697	20850	3.9619e-01	2.0317e+00	2.9755e-01	1.2012e+01
chr12:120291737	["T","C"]	NA	2	true	11	70238	1.5661037E-4	11	70020	1.5709797E-4	1	8	7699	20846	4.5982e-01	3.3844e-01	7.6303e-03	2.5252e+00
chr12:120291752	["T","A"]	NA	1	true	12	71006	1.689998E-4	12	70908	1.6923338E-4	1	8	7699	20846	4.5982e-01	3.3844e-01	7.6303e-03	2.5252e+00
chr12:120291907	["A","G"]	NA	2	true	12	71024	1.6895698E-4	12	70880	1.6930023E-4	1	8	7699	20846	4.5982e-01	3.3844e-01	7.6303e-03	2.5252e+00
chr12:120291915	["G","GTA"]	NA	4	true	9	70988	1.2678199E-4	9	70622	1.2743904E-4	1	8	7699	20846	4.5982e-01	3.3844e-01	7.6303e-03	2.5252e+00
chr12:120291715	["A","C"]	NA	1	true	4	71050	5.629838E-5	4	70946	5.6380908E-5	1	1	7699	20853	4.6662e-01	2.7084e+00	3.4500e-02	2.1226e+02
chr12:120291722	["A","G"]	NA	1	false	2	71012	2.8164253E-5	2	70816	2.8242204E-5	1	1	7699	20853	4.6662e-01	2.7084e+00	3.4500e-02	2.1226e+02
chr12:120291723	["A","AG"]	NA	1	true	2	71014	2.816346E-5	2	70828	2.823742E-5	1	1	7699	20853	4.6662e-01	2.7084e+00	3.4500e-02	2.1226e+02
chr12:120291738	["T","TA"]	NA	2	true	2	70980	2.8176952E-5	2	70780	2.8256569E-5	1	1	7699	20853	4.6662e-01	2.7084e+00	3.4500e-02	2.1226e+02
chr12:120291756	["A","G"]	NA	1	true	2	71028	2.8157909E-5	2	70964	2.8183304E-5	1	1	7699	20853	4.6662e-01	2.7084e+00	3.4500e-02	2.1226e+02
chr12:120291762	["G","C"]	NA	2	true	2	71026	2.8158702E-5	2	70946	2.8190454E-5	1	1	7699	20853	4.6662e-01	2.7084e+00	3.4500e-02	2.1226e+02
chr12:120291766	["C","T"]	NA	1	false	2	71042	2.815236E-5	2	70972	2.8180128E-5	1	1	7699	20853	4.6662e-01	2.7084e+00	3.4500e-02	2.1226e+02
chr12:120291771	["G","C"]	NA	2	true	2	71032	2.8156324E-5	2	70962	2.8184098E-5	1	1	7699	20853	4.6662e-01	2.7084e+00	3.4500e-02	2.1226e+02
chr12:120291789	["C","CT"]	NA	1	true	2	71040	2.8153154E-5	2	70950	2.8188866E-5	1	1	7699	20853	4.6662e-01	2.7084e+00	3.4500e-02	2.1226e+02
chr12:120291793	["G","A"]	NA	1	false	3	71024	4.2239244E-5	3	70920	4.2301184E-5	1	1	7699	20853	4.6662e-01	2.7084e+00	3.4500e-02	2.1226e+02
chr12:120291813	["T","C"]	NA	1	true	2	71040	2.8153154E-5	2	70988	2.8173776E-5	1	1	7699	20853	4.6662e-01	2.7084e+00	3.4500e-02	2.1226e+02
chr12:120291844	["T","TA"]	NA	2	true	2	71046	2.8150776E-5	2	70960	2.8184893E-5	1	1	7699	20853	4.6662e-01	2.7084e+00	3.4500e-02	2.1226e+02
chr12:120291869	["C","G"]	NA	2	true	2	71018	2.8161874E-5	2	70914	2.8203176E-5	1	1	7699	20853	4.6662e-01	2.7084e+00	3.4500e-02	2.1226e+02
chr12:120291903	["T","G"]	NA	2	true	2	71024	2.8159495E-5	2	70890	2.8212724E-5	1	1	7699	20853	4.6662e-01	2.7084e+00	3.4500e-02	2.1226e+02
chr12:120291911	["T","G"]	NA	3	true	2	70962	2.8184098E-5	2	70556	2.8346278E-5	1	1	7699	20853	4.6662e-01	2.7084e+00	3.4500e-02	2.1226e+02
chr12:120291912	["T","C"]	NA	1	true	2	70956	2.8186481E-5	2	70768	2.8261362E-5	1	1	7699	20853	4.6662e-01	2.7084e+00	3.4500e-02	2.1226e+02
chr12:120291920	["C","G"]	NA	1	false	2	71020	2.8161081E-5	2	70934	2.8195223E-5	1	1	7699	20853	4.6662e-01	2.7084e+00	3.4500e-02	2.1226e+02
chr12:120291928	["T","TC"]	NA	3	true	2	71018	2.8161874E-5	2	70864	2.8223076E-5	1	1	7699	20853	4.6662e-01	2.7084e+00	3.4500e-02	2.1226e+02
chr12:120291953	["A","G"]	NA	2	true	4	71034	5.6311063E-5	4	70872	5.6439778E-5	1	1	7699	20853	4.6662e-01	2.7084e+00	3.4500e-02	2.1226e+02
chr12:120291962	["G","A"]	NA	1	false	2	71034	2.8155531E-5	2	70966	2.818251E-5	1	1	7699	20853	4.6662e-01	2.7084e+00	3.4500e-02	2.1226e+02
chr12:120291792	["T","A"]	NA	1	true	10	71044	1.4075784E-4	10	71006	1.4083317E-4	4	6	7696	20848	4.7425e-01	1.8059e+00	3.7473e-01	7.6177e+00
chr12:120291916	["T","TAC"]	NA	2	true	10	71004	1.4083713E-4	10	70894	1.4105566E-4	4	6	7696	20848	4.7425e-01	1.8059e+00	3.7473e-01	7.6177e+00
chr12:120291915	["G","T"]	NA	5	true	11	70988	1.5495576E-4	11	70622	1.5575883E-4	4	7	7696	20847	5.0160e-01	1.5479e+00	3.3219e-01	6.0907e+00
chr12:120291750	["T","TA"]	NA	2	true	13	71020	1.8304703E-4	13	70946	1.8323795E-4	2	11	7698	20843	5.3425e-01	4.9228e-01	5.3014e-02	2.2565e+00
chr12:120291729	["T","C"]	NA	1	true	3	70994	4.2257092E-5	3	70806	4.236929E-5	0	3	7700	20851	5.6847e-01	0.0000e+00	0.0000e+00	6.5553e+00
chr12:120291737	["T","A"]	NA	1	true	3	70238	4.2711923E-5	2	70020	2.8563267E-5	0	3	7700	20851	5.6847e-01	0.0000e+00	0.0000e+00	6.5553e+00
chr12:120291810	["T","C"]	NA	1	true	3	71044	4.222735E-5	3	70990	4.2259475E-5	0	3	7700	20851	5.6847e-01	0.0000e+00	0.0000e+00	6.5553e+00
chr12:120291864	["A","G"]	NA	2	true	3	71036	4.2232106E-5	3	70960	4.227734E-5	0	3	7700	20851	5.6847e-01	0.0000e+00	0.0000e+00	6.5553e+00
chr12:120291884	["T","C"]	NA	1	false	3	71044	4.222735E-5	3	70960	4.227734E-5	0	3	7700	20851	5.6847e-01	0.0000e+00	0.0000e+00	6.5553e+00
chr12:120291887	["T","C"]	NA	1	false	3	71028	4.2236865E-5	3	70942	4.2288066E-5	0	3	7700	20851	5.6847e-01	0.0000e+00	0.0000e+00	6.5553e+00
chr12:120291893	["T","C"]	NA	1	true	3	71044	4.222735E-5	3	70974	4.2269E-5	0	3	7700	20851	5.6847e-01	0.0000e+00	0.0000e+00	6.5553e+00
chr12:120291904	["G","C"]	NA	2	true	4	71022	5.6320576E-5	4	70814	5.6486006E-5	0	3	7700	20851	5.6847e-01	0.0000e+00	0.0000e+00	6.5553e+00
chr12:120291916	["T","G"]	NA	1	true	3	71004	4.225114E-5	3	70894	4.2316697E-5	0	3	7700	20851	5.6847e-01	0.0000e+00	0.0000e+00	6.5553e+00
chr12:120291919	["G","A"]	NA	1	true	3	71016	4.2244003E-5	3	70884	4.2322667E-5	0	3	7700	20851	5.6847e-01	0.0000e+00	0.0000e+00	6.5553e+00
chr12:120291734	["C","T"]	NA	3	true	4	70904	5.641431E-5	4	70662	5.660751E-5	0	4	7700	20850	5.7978e-01	0.0000e+00	0.0000e+00	4.1025e+00
chr12:120291739	["T","C"]	NA	1	false	4	70984	5.6350727E-5	4	70748	5.65387E-5	0	4	7700	20850	5.7978e-01	0.0000e+00	0.0000e+00	4.1025e+00
chr12:120291791	["A","C"]	NA	1	false	5	71036	7.038684E-5	5	70974	7.044833E-5	0	4	7700	20850	5.7978e-01	0.0000e+00	0.0000e+00	4.1025e+00
chr12:120291800	["A","G"]	NA	1	false	5	71044	7.037892E-5	5	71006	7.041659E-5	0	4	7700	20850	5.7978e-01	0.0000e+00	0.0000e+00	4.1025e+00
chr12:120291712	["G","A"]	NA	1	true	22	71014	3.0979808E-4	22	70904	3.1027867E-4	3	14	7697	20840	5.8501e-01	5.8018e-01	1.0686e-01	2.0796e+00
chr12:120291709	["C","T"]	NA	2	true	5	71036	7.038684E-5	5	70942	7.048011E-5	2	3	7698	20851	6.1637e-01	1.8057e+00	1.5078e-01	1.5761e+01
chr12:120291738	["T","C"]	NA	1	true	5	70980	7.044238E-5	5	70780	7.064142E-5	2	3	7698	20851	6.1637e-01	1.8057e+00	1.5078e-01	1.5761e+01
chr12:120291762	["G","A"]	NA	1	true	5	71026	7.039675E-5	5	70946	7.047613E-5	2	3	7698	20851	6.1637e-01	1.8057e+00	1.5078e-01	1.5761e+01
chr12:120291771	["G","A"]	NA	1	true	7	71032	9.8547134E-5	7	70962	9.864435E-5	2	3	7698	20851	6.1637e-01	1.8057e+00	1.5078e-01	1.5761e+01
chr12:120291786	["T","C"]	NA	1	false	7	71038	9.853881E-5	7	70966	9.863878E-5	2	3	7698	20851	6.1637e-01	1.8057e+00	1.5078e-01	1.5761e+01
chr12:120291796	["G","A"]	NA	1	true	8	71008	1.12663365E-4	8	70916	1.12809525E-4	2	3	7698	20851	6.1637e-01	1.8057e+00	1.5078e-01	1.5761e+01
chr12:120291875	["T","G"]	NA	2	true	5	71044	7.037892E-5	5	70964	7.045826E-5	2	3	7698	20851	6.1637e-01	1.8057e+00	1.5078e-01	1.5761e+01
chr12:120291882	["G","A"]	NA	1	true	6	71020	8.448325E-5	6	70898	8.462862E-5	2	3	7698	20851	6.1637e-01	1.8057e+00	1.5078e-01	1.5761e+01
chr12:120291725	["T","C"]	NA	1	true	30	71006	4.2249952E-4	30	70800	4.237288E-4	5	19	7695	20835	6.4725e-01	7.1255e-01	2.0786e-01	1.9738e+00
chr12:120291734	["C","A"]	NA	1	true	7	70904	9.872504E-5	6	70662	8.491127E-5	2	4	7698	20850	6.6379e-01	1.3542e+00	1.2245e-01	9.4516e+00
chr12:120291814	["C","T"]	NA	1	false	7	71038	9.853881E-5	7	70990	9.860544E-5	1	6	7699	20848	6.8265e-01	4.5131e-01	9.8142e-03	3.7213e+00
chr12:120291702	["G","C"]	NA	2	true	11	71000	1.5492957E-4	11	70870	1.5521377E-4	2	9	7698	20845	7.3805e-01	6.0173e-01	6.3254e-02	2.9082e+00
chr12:120291908	["A","G"]	NA	1	true	18	71030	2.5341404E-4	18	70910	2.538429E-4	3	11	7697	20843	7.7141e-01	7.3855e-01	1.3228e-01	2.7967e+00
chr12:120291776	["T","C"]	NA	1	false	17	71042	2.3929507E-4	17	70996	2.394501E-4	3	12	7697	20842	7.7234e-01	6.7698e-01	1.2256e-01	2.5094e+00
chr12:120291741	["C","T"]	NA	2	true	18	70984	2.5357827E-4	18	70782	2.5430194E-4	5	12	7695	20842	7.8828e-01	1.1285e+00	3.1138e-01	3.4427e+00
chr12:120291749	["T","C"]	NA	1	false	23	71028	3.2381597E-4	23	70962	3.2411714E-4	4	15	7696	20839	7.9626e-01	7.2210e-01	1.7441e-01	2.2675e+00
chr12:120291816	["T","C"]	NA	1	false	23	71034	3.237886E-4	23	70992	3.2398017E-4	4	15	7696	20839	7.9626e-01	7.2210e-01	1.7441e-01	2.2675e+00
chr12:120291901	["G","A"]	NA	1	false	25	71032	3.5195405E-4	25	70938	3.5242044E-4	6	15	7694	20839	8.0983e-01	1.0834e+00	3.4426e-01	2.9562e+00
chr12:120291730	["A","G"]	NA	3	true	19	70990	2.6764334E-4	19	70814	2.6830853E-4	4	13	7696	20841	1.0000e+00	8.3325e-01	1.9786e-01	2.6982e+00
chr12:120291802	["A","G"]	NA	1	false	16	71044	2.2521254E-4	16	70988	2.253902E-4	4	11	7696	20843	1.0000e+00	9.8483e-01	2.2864e-01	3.3248e+00
chr12:120291705	["A","C"]	NA	1	true	2	71028	2.8157909E-5	2	70966	2.818251E-5	0	2	7700	20852	1.0000e+00	0.0000e+00	0.0000e+00	1.4423e+01
chr12:120291708	["AC","GC"]	NA	1	false	2	71030	2.8157117E-5	2	70944	2.8191249E-5	0	2	7700	20852	1.0000e+00	0.0000e+00	0.0000e+00	1.4423e+01
chr12:120291714	["T","C"]	NA	1	false	2	71034	2.8155531E-5	2	70920	2.820079E-5	0	2	7700	20852	1.0000e+00	0.0000e+00	0.0000e+00	1.4423e+01
chr12:120291717	["A","G"]	NA	1	false	2	71042	2.815236E-5	1	70922	1.4099997E-5	0	2	7700	20852	1.0000e+00	0.0000e+00	0.0000e+00	1.4423e+01
chr12:120291718	["A","G"]	NA	2	true	2	71030	2.8157117E-5	2	70898	2.820954E-5	0	2	7700	20852	1.0000e+00	0.0000e+00	0.0000e+00	1.4423e+01
chr12:120291732	["A","C"]	NA	1	true	2	70960	2.8184893E-5	1	70766	1.413108E-5	0	2	7700	20852	1.0000e+00	0.0000e+00	0.0000e+00	1.4423e+01
chr12:120291734	["C","G"]	NA	2	true	2	70904	2.8207154E-5	2	70662	2.8303755E-5	0	2	7700	20852	1.0000e+00	0.0000e+00	0.0000e+00	1.4423e+01
chr12:120291735	["C","A"]	NA	1	true	3	70988	4.2260664E-5	3	70774	4.238845E-5	0	2	7700	20852	1.0000e+00	0.0000e+00	0.0000e+00	1.4423e+01
chr12:120291736	["C","T"]	NA	4	true	2	70986	2.8174569E-5	2	70782	2.8255772E-5	0	2	7700	20852	1.0000e+00	0.0000e+00	0.0000e+00	1.4423e+01
chr12:120291769	["T","C"]	NA	1	true	2	71044	2.8151568E-5	2	70994	2.8171395E-5	0	2	7700	20852	1.0000e+00	0.0000e+00	0.0000e+00	1.4423e+01
chr12:120291774	["A","G"]	NA	1	false	2	71042	2.815236E-5	1	70972	1.4090064E-5	0	2	7700	20852	1.0000e+00	0.0000e+00	0.0000e+00	1.4423e+01
chr12:120291778	["T","C"]	NA	1	false	2	71038	2.8153945E-5	2	70966	2.818251E-5	0	2	7700	20852	1.0000e+00	0.0000e+00	0.0000e+00	1.4423e+01
chr12:120291785	["T","C"]	NA	2	true	5	71038	7.0384864E-5	5	70980	7.044238E-5	1	4	7699	20850	1.0000e+00	6.7707e-01	1.3750e-02	6.8439e+00
chr12:120291792	["T","C"]	NA	2	true	9	71044	1.2668206E-4	9	71006	1.2674986E-4	2	6	7698	20848	1.0000e+00	9.0275e-01	8.9083e-02	5.0498e+00
chr12:120291804	["T","C"]	NA	1	true	3	71052	4.2222597E-5	3	71020	4.2241623E-5	0	2	7700	20852	1.0000e+00	0.0000e+00	0.0000e+00	1.4423e+01
chr12:120291823	["G","A"]	NA	1	false	5	71044	7.037892E-5	5	70968	7.045429E-5	1	4	7699	20850	1.0000e+00	6.7707e-01	1.3750e-02	6.8439e+00
chr12:120291845	["AG","GG"]	NA	1	false	6	71046	8.4452324E-5	6	70976	8.453562E-5	1	4	7699	20850	1.0000e+00	6.7707e-01	1.3750e-02	6.8439e+00
chr12:120291846	["G","A"]	NA	1	true	3	71022	4.2240434E-5	3	70936	4.2291642E-5	0	2	7700	20852	1.0000e+00	0.0000e+00	0.0000e+00	1.4423e+01
chr12:120291846	["G","C"]	NA	2	true	2	71022	2.8160288E-5	2	70936	2.8194429E-5	0	2	7700	20852	1.0000e+00	0.0000e+00	0.0000e+00	1.4423e+01
chr12:120291855	["G","A"]	NA	1	false	4	71008	5.6331683E-5	4	70874	5.6438184E-5	0	2	7700	20852	1.0000e+00	0.0000e+00	0.0000e+00	1.4423e+01
chr12:120291862	["G","A"]	NA	1	true	2	71034	2.8155531E-5	2	70950	2.8188866E-5	0	2	7700	20852	1.0000e+00	0.0000e+00	0.0000e+00	1.4423e+01
chr12:120291863	["G","A"]	NA	1	true	2	71028	2.8157909E-5	2	70956	2.8186481E-5	0	2	7700	20852	1.0000e+00	0.0000e+00	0.0000e+00	1.4423e+01
chr12:120291864	["A","AT"]	NA	1	true	2	71036	2.8154738E-5	2	70960	2.8184893E-5	0	2	7700	20852	1.0000e+00	0.0000e+00	0.0000e+00	1.4423e+01
chr12:120291869	["C","A"]	NA	1	true	3	71018	4.2242813E-5	2	70914	2.8203176E-5	0	2	7700	20852	1.0000e+00	0.0000e+00	0.0000e+00	1.4423e+01
chr12:120291869	["C","T"]	NA	3	true	2	71018	2.8161874E-5	2	70914	2.8203176E-5	0	2	7700	20852	1.0000e+00	0.0000e+00	0.0000e+00	1.4423e+01
chr12:120291882	["G","C"]	NA	2	true	3	71020	4.2241623E-5	3	70898	4.231431E-5	0	2	7700	20852	1.0000e+00	0.0000e+00	0.0000e+00	1.4423e+01
chr12:120291896	["G","A"]	NA	1	true	2	71034	2.8155531E-5	2	70932	2.8196018E-5	0	2	7700	20852	1.0000e+00	0.0000e+00	0.0000e+00	1.4423e+01
chr12:120291896	["G","T"]	NA	3	true	2	71034	2.8155531E-5	1	70932	1.4098009E-5	0	2	7700	20852	1.0000e+00	0.0000e+00	0.0000e+00	1.4423e+01
chr12:120291899	["AAGCTGGAAAGGTT","GAGCTGGAAAGGTT"]	NA	1	false	2	71030	2.8157117E-5	2	70940	2.8192839E-5	0	2	7700	20852	1.0000e+00	0.0000e+00	0.0000e+00	1.4423e+01
chr12:120291905	["G","C"]	NA	2	true	3	70970	4.2271382E-5	3	70640	4.2468855E-5	0	2	7700	20852	1.0000e+00	0.0000e+00	0.0000e+00	1.4423e+01
chr12:120291909	["G","T"]	NA	5	true	15	71036	2.1116054E-4	15	70886	2.1160737E-4	3	10	7697	20844	1.0000e+00	8.1243e-01	1.4361e-01	3.1566e+00
chr12:120291921	["GC","TC"]	NA	1	false	2	71036	2.8154738E-5	2	70936	2.8194429E-5	0	2	7700	20852	1.0000e+00	0.0000e+00	0.0000e+00	1.4423e+01
chr12:120291930	["C","T"]	NA	1	false	2	71030	2.8157117E-5	2	70924	2.81992E-5	0	2	7700	20852	1.0000e+00	0.0000e+00	0.0000e+00	1.4423e+01
chr12:120291944	["A","T"]	NA	2	true	2	71024	2.8159495E-5	2	70920	2.820079E-5	0	2	7700	20852	1.0000e+00	0.0000e+00	0.0000e+00	1.4423e+01
chr12:120291970	["CTGCCCGTG","C"]	NA	1	true	2	71042	2.815236E-5	2	70978	2.8177745E-5	0	2	7700	20852	1.0000e+00	0.0000e+00	0.0000e+00	1.4423e+01
chr12:120291700	["A","G"]	NA	1	true	1	71034	1.4077766E-5	0	70950	0.0	0	1	7700	20853	1.0000e+00	0.0000e+00	0.0000e+00	1.0545e+02
chr12:120291700	["A","T"]	NA	2	true	1	71034	1.4077766E-5	1	70950	1.4094433E-5	0	1	7700	20853	1.0000e+00	0.0000e+00	0.0000e+00	1.0545e+02
chr12:120291701	["A","AGACACAACCTGCTATAATAC"]	NA	1	true	1	71046	1.4075388E-5	1	70958	1.4092843E-5	0	1	7700	20853	1.0000e+00	0.0000e+00	0.0000e+00	1.0545e+02
chr12:120291705	["A","G"]	NA	2	true	1	71028	1.4078954E-5	1	70966	1.4091255E-5	0	1	7700	20853	1.0000e+00	0.0000e+00	0.0000e+00	1.0545e+02
chr12:120291706	["C","T"]	NA	2	true	1	71036	1.4077369E-5	1	70974	1.4089666E-5	0	1	7700	20853	1.0000e+00	0.0000e+00	0.0000e+00	1.0545e+02
chr12:120291707	["A","G"]	NA	1	false	1	71032	1.4078162E-5	0	70952	0.0	0	1	7700	20853	1.0000e+00	0.0000e+00	0.0000e+00	1.0545e+02
chr12:120291709	["C","G"]	NA	1	true	6	71036	8.446421E-5	6	70942	8.457613E-5	1	3	7699	20851	1.0000e+00	9.0276e-01	1.7194e-02	1.1246e+01
chr12:120291710	["C","T"]	NA	2	true	5	71032	7.039081E-5	5	70950	7.047216E-5	1	3	7699	20851	1.0000e+00	9.0276e-01	1.7194e-02	1.1246e+01
chr12:120291711	["T","A"]	NA	1	true	1	71024	1.4079747E-5	1	70928	1.4098804E-5	0	1	7700	20853	1.0000e+00	0.0000e+00	0.0000e+00	1.0545e+02
chr12:120291711	["T","G"]	NA	3	true	1	71024	1.4079747E-5	1	70928	1.4098804E-5	0	1	7700	20853	1.0000e+00	0.0000e+00	0.0000e+00	1.0545e+02
chr12:120291712	["G","C"]	NA	2	true	6	71014	8.4490384E-5	6	70904	8.462146E-5	1	3	7699	20851	1.0000e+00	9.0276e-01	1.7194e-02	1.1246e+01
chr12:120291715	["A","T"]	NA	3	true	1	71050	1.4074595E-5	0	70944	0.0	0	1	7700	20853	1.0000e+00	0.0000e+00	0.0000e+00	1.0545e+02
chr12:120291718	["A","C"]	NA	1	true	1	71030	1.4078559E-5	1	70898	1.410477E-5	0	1	7700	20853	1.0000e+00	0.0000e+00	0.0000e+00	1.0545e+02
chr12:120291719	["T","A"]	NA	1	true	1	71028	1.4078954E-5	1	70862	1.4111936E-5	0	1	7700	20853	1.0000e+00	0.0000e+00	0.0000e+00	1.0545e+02
chr12:120291721	["CAACTTCCTAA","GAACTTCCTAA"]	NA	1	false	1	71008	1.4082921E-5	1	70834	1.4117514E-5	0	1	7700	20853	1.0000e+00	0.0000e+00	0.0000e+00	1.0545e+02
chr12:120291723	["A","AGT"]	NA	2	true	1	71014	1.408173E-5	1	70828	1.411871E-5	0	1	7700	20853	1.0000e+00	0.0000e+00	0.0000e+00	1.0545e+02
chr12:120291723	["A","T"]	NA	5	true	1	71014	1.408173E-5	1	70828	1.411871E-5	0	1	7700	20853	1.0000e+00	0.0000e+00	0.0000e+00	1.0545e+02
chr12:120291724	["C","T"]	NA	4	true	1	71014	1.408173E-5	1	70824	1.4119508E-5	0	1	7700	20853	1.0000e+00	0.0000e+00	0.0000e+00	1.0545e+02
chr12:120291725	["TTC","T"]	NA	2	true	1	71006	1.4083317E-5	1	70800	1.4124294E-5	0	1	7700	20853	1.0000e+00	0.0000e+00	0.0000e+00	1.0545e+02
chr12:120291726	["TC","T"]	NA	3	true	1	71000	1.4084507E-5	1	70848	1.4114725E-5	0	1	7700	20853	1.0000e+00	0.0000e+00	0.0000e+00	1.0545e+02
chr12:120291730	["A","AT"]	NA	1	true	1	70990	1.4086491E-5	1	70814	1.4121501E-5	0	1	7700	20853	1.0000e+00	0.0000e+00	0.0000e+00	1.0545e+02
chr12:120291731	["A","C"]	NA	1	true	1	70972	1.4090064E-5	1	70788	1.4126688E-5	0	1	7700	20853	1.0000e+00	0.0000e+00	0.0000e+00	1.0545e+02
chr12:120291731	["A","G"]	NA	2	true	1	70972	1.4090064E-5	1	70788	1.4126688E-5	0	1	7700	20853	1.0000e+00	0.0000e+00	0.0000e+00	1.0545e+02
chr12:120291732	["A","G"]	NA	2	true	1	70960	1.4092447E-5	0	70766	0.0	0	1	7700	20853	1.0000e+00	0.0000e+00	0.0000e+00	1.0545e+02
chr12:120291733	["A","AC"]	NA	1	true	5	70932	7.0490045E-5	5	70698	7.0723356E-5	1	3	7699	20851	1.0000e+00	9.0276e-01	1.7194e-02	1.1246e+01
chr12:120291736	["C","CT"]	NA	1	true	1	70986	1.4087284E-5	1	70782	1.4127886E-5	0	1	7700	20853	1.0000e+00	0.0000e+00	0.0000e+00	1.0545e+02
chr12:120291740	["T","TC"]	NA	3	true	1	70986	1.4087284E-5	1	70786	1.41270875E-5	0	1	7700	20853	1.0000e+00	0.0000e+00	0.0000e+00	1.0545e+02
chr12:120291742	["T","G"]	NA	2	true	1	70994	1.4085697E-5	1	70798	1.4124693E-5	0	1	7700	20853	1.0000e+00	0.0000e+00	0.0000e+00	1.0545e+02
chr12:120291745	["A","G"]	NA	1	true	1	68622	1.4572586E-5	1	68516	1.4595131E-5	0	1	7700	20853	1.0000e+00	0.0000e+00	0.0000e+00	1.0545e+02
chr12:120291746	["G","T"]	NA	2	true	1	70872	1.41099445E-5	0	70662	0.0	0	1	7700	20853	1.0000e+00	0.0000e+00	0.0000e+00	1.0545e+02
chr12:120291747	["A","T"]	NA	2	true	1	70946	1.4095227E-5	1	70816	1.4121102E-5	0	1	7700	20853	1.0000e+00	0.0000e+00	0.0000e+00	1.0545e+02
chr12:120291753	["A","G"]	NA	1	false	1	71012	1.4082127E-5	1	70966	1.4091255E-5	0	1	7700	20853	1.0000e+00	0.0000e+00	0.0000e+00	1.0545e+02
chr12:120291754	["A","G"]	NA	1	false	1	71030	1.4078559E-5	0	70982	0.0	0	1	7700	20853	1.0000e+00	0.0000e+00	0.0000e+00	1.0545e+02
chr12:120291755	["A","G"]	NA	1	false	1	71036	1.4077369E-5	1	70986	1.4087284E-5	0	1	7700	20853	1.0000e+00	0.0000e+00	0.0000e+00	1.0545e+02
chr12:120291756	["A","T"]	NA	2	true	1	71028	1.4078954E-5	1	70964	1.4091652E-5	0	1	7700	20853	1.0000e+00	0.0000e+00	0.0000e+00	1.0545e+02
chr12:120291757	["A","G"]	NA	2	true	1	71032	1.4078162E-5	1	70990	1.4086491E-5	0	1	7700	20853	1.0000e+00	0.0000e+00	0.0000e+00	1.0545e+02
chr12:120291757	["A","T"]	NA	3	true	1	71032	1.4078162E-5	1	70990	1.4086491E-5	0	1	7700	20853	1.0000e+00	0.0000e+00	0.0000e+00	1.0545e+02
chr12:120291760	["C","T"]	NA	1	false	1	71038	1.4076973E-5	1	70968	1.4090858E-5	0	1	7700	20853	1.0000e+00	0.0000e+00	0.0000e+00	1.0545e+02
chr12:120291764	["C","G"]	NA	1	true	1	71036	1.4077369E-5	1	70972	1.4090064E-5	0	1	7700	20853	1.0000e+00	0.0000e+00	0.0000e+00	1.0545e+02
chr12:120291765	["T","C"]	NA	1	false	1	71032	1.4078162E-5	1	70984	1.4087682E-5	0	1	7700	20853	1.0000e+00	0.0000e+00	0.0000e+00	1.0545e+02
chr12:120291768	["G","A"]	NA	1	false	1	71032	1.4078162E-5	1	70934	1.4097612E-5	0	1	7700	20853	1.0000e+00	0.0000e+00	0.0000e+00	1.0545e+02
chr12:120291775	["C","T"]	NA	1	false	1	71036	1.4077369E-5	1	70988	1.4086888E-5	0	1	7700	20853	1.0000e+00	0.0000e+00	0.0000e+00	1.0545e+02
chr12:120291779	["C","CA"]	NA	1	true	1	71038	1.4076973E-5	1	70956	1.4093241E-5	0	1	7700	20853	1.0000e+00	0.0000e+00	0.0000e+00	1.0545e+02
chr12:120291783	["A","T"]	NA	1	false	1	71048	1.4074992E-5	1	70976	1.408927E-5	0	1	7700	20853	1.0000e+00	0.0000e+00	0.0000e+00	1.0545e+02
chr12:120291785	["T","A"]	NA	1	true	2	71038	2.8153945E-5	2	70980	2.8176952E-5	0	1	7700	20853	1.0000e+00	0.0000e+00	0.0000e+00	1.0545e+02
chr12:120291796	["G","C"]	NA	2	true	1	71008	1.4082921E-5	1	70916	1.4101191E-5	0	1	7700	20853	1.0000e+00	0.0000e+00	0.0000e+00	1.0545e+02
chr12:120291799	["T","C"]	NA	1	false	6	71044	8.44547E-5	5	70994	7.042849E-5	1	3	7699	20851	1.0000e+00	9.0276e-01	1.7194e-02	1.1246e+01
chr12:120291801	["T","TA"]	NA	2	true	1	71048	1.4074992E-5	1	71002	1.408411E-5	0	1	7700	20853	1.0000e+00	0.0000e+00	0.0000e+00	1.0545e+02
chr12:120291804	["T","G"]	NA	2	true	1	71052	1.40741995E-5	1	71020	1.40805405E-5	0	1	7700	20853	1.0000e+00	0.0000e+00	0.0000e+00	1.0545e+02
chr12:120291805	["T","A"]	NA	1	true	1	71040	1.4076577E-5	1	70982	1.4088078E-5	0	1	7700	20853	1.0000e+00	0.0000e+00	0.0000e+00	1.0545e+02
chr12:120291806	["C","T"]	NA	2	true	1	71042	1.407618E-5	1	70986	1.4087284E-5	0	1	7700	20853	1.0000e+00	0.0000e+00	0.0000e+00	1.0545e+02
chr12:120291807	["A","AT"]	NA	1	false	1	71036	1.4077369E-5	1	70982	1.4088078E-5	0	1	7700	20853	1.0000e+00	0.0000e+00	0.0000e+00	1.0545e+02
chr12:120291808	["A","G"]	NA	1	false	1	71048	1.4074992E-5	1	71000	1.4084507E-5	0	1	7700	20853	1.0000e+00	0.0000e+00	0.0000e+00	1.0545e+02
chr12:120291810	["T","G"]	NA	2	true	10	71044	1.4075784E-4	9	70988	1.2678199E-4	2	8	7698	20846	1.0000e+00	6.7703e-01	7.0021e-02	3.3935e+00
chr12:120291810	["T","TC"]	NA	3	true	1	71044	1.4075784E-5	1	70990	1.4086491E-5	0	1	7700	20853	1.0000e+00	0.0000e+00	0.0000e+00	1.0545e+02
chr12:120291811	["C","G"]	NA	1	true	1	71030	1.4078559E-5	1	70970	1.409046E-5	0	1	7700	20853	1.0000e+00	0.0000e+00	0.0000e+00	1.0545e+02
chr12:120291812	["G","C"]	NA	2	true	2	71024	2.8159495E-5	2	70956	2.8186481E-5	0	1	7700	20853	1.0000e+00	0.0000e+00	0.0000e+00	1.0545e+02
chr12:120291819	["C","CG"]	NA	1	true	1	71030	1.4078559E-5	1	70944	1.40956245E-5	0	1	7700	20853	1.0000e+00	0.0000e+00	0.0000e+00	1.0545e+02
chr12:120291819	["C","T"]	NA	2	true	1	71030	1.4078559E-5	0	70942	0.0	0	1	7700	20853	1.0000e+00	0.0000e+00	0.0000e+00	1.0545e+02
chr12:120291820	["G","T"]	NA	2	true	1	71038	1.4076973E-5	1	70960	1.4092447E-5	0	1	7700	20853	1.0000e+00	0.0000e+00	0.0000e+00	1.0545e+02
chr12:120291821	["G","A"]	NA	1	false	1	71040	1.4076577E-5	1	70968	1.4090858E-5	0	1	7700	20853	1.0000e+00	0.0000e+00	0.0000e+00	1.0545e+02
chr12:120291824	["T","C"]	NA	1	true	1	70818	1.4120704E-5	0	70462	0.0	0	1	7700	20853	1.0000e+00	0.0000e+00	0.0000e+00	1.0545e+02
chr12:120291827	["T","TG"]	NA	3	true	1	71038	1.4076973E-5	1	70956	1.4093241E-5	0	1	7700	20853	1.0000e+00	0.0000e+00	0.0000e+00	1.0545e+02
chr12:120291828	["G","A"]	NA	1	false	1	71028	1.4078954E-5	1	70932	1.4098009E-5	0	1	7700	20853	1.0000e+00	0.0000e+00	0.0000e+00	1.0545e+02
chr12:120291843	["T","C"]	NA	1	false	6	71034	8.446659E-5	4	70948	5.637932E-5	1	3	7699	20851	1.0000e+00	9.0276e-01	1.7194e-02	1.1246e+01
chr12:120291847	["C","G"]	NA	1	false	1	71034	1.4077766E-5	1	70954	1.4093638E-5	0	1	7700	20853	1.0000e+00	0.0000e+00	0.0000e+00	1.0545e+02
chr12:120291849	["A","G"]	NA	1	false	1	71048	1.4074992E-5	1	71006	1.4083317E-5	0	1	7700	20853	1.0000e+00	0.0000e+00	0.0000e+00	1.0545e+02
chr12:120291850	["T","A"]	NA	1	false	1	71040	1.4076577E-5	0	70944	0.0	0	1	7700	20853	1.0000e+00	0.0000e+00	0.0000e+00	1.0545e+02
chr12:120291851	["A","G"]	NA	1	false	1	71046	1.4075388E-5	1	70958	1.4092843E-5	0	1	7700	20853	1.0000e+00	0.0000e+00	0.0000e+00	1.0545e+02
chr12:120291853	["T","G"]	NA	2	true	1	71022	1.4080144E-5	1	70954	1.4093638E-5	0	1	7700	20853	1.0000e+00	0.0000e+00	0.0000e+00	1.0545e+02
chr12:120291858	["C","G"]	NA	1	false	1	71028	1.4078954E-5	1	70940	1.4096419E-5	0	1	7700	20853	1.0000e+00	0.0000e+00	0.0000e+00	1.0545e+02
chr12:120291859	["C","T"]	NA	1	false	2	71038	2.8153945E-5	2	70956	2.8186481E-5	0	1	7700	20853	1.0000e+00	0.0000e+00	0.0000e+00	1.0545e+02
chr12:120291860	["T","G"]	NA	1	false	2	71038	2.8153945E-5	2	70946	2.8190454E-5	0	1	7700	20853	1.0000e+00	0.0000e+00	0.0000e+00	1.0545e+02
chr12:120291873	["A","AT"]	NA	1	true	1	71022	1.4080144E-5	1	70912	1.41019855E-5	0	1	7700	20853	1.0000e+00	0.0000e+00	0.0000e+00	1.0545e+02
chr12:120291873	["A","C"]	NA	2	true	1	71022	1.4080144E-5	1	70912	1.41019855E-5	0	1	7700	20853	1.0000e+00	0.0000e+00	0.0000e+00	1.0545e+02
chr12:120291880	["A","G"]	NA	1	false	1	71046	1.4075388E-5	1	70976	1.408927E-5	0	1	7700	20853	1.0000e+00	0.0000e+00	0.0000e+00	1.0545e+02
chr12:120291886	["C","G"]	NA	1	true	1	71036	1.4077369E-5	1	70954	1.4093638E-5	0	1	7700	20853	1.0000e+00	0.0000e+00	0.0000e+00	1.0545e+02
chr12:120291889	["C","CT"]	NA	1	true	1	71028	1.4078954E-5	1	70940	1.4096419E-5	0	1	7700	20853	1.0000e+00	0.0000e+00	0.0000e+00	1.0545e+02
chr12:120291892	["C","G"]	NA	1	false	2	71040	2.8153154E-5	2	70964	2.8183304E-5	0	1	7700	20853	1.0000e+00	0.0000e+00	0.0000e+00	1.0545e+02
chr12:120291893	["T","G"]	NA	2	true	2	71044	2.8151568E-5	2	70974	2.8179333E-5	0	1	7700	20853	1.0000e+00	0.0000e+00	0.0000e+00	1.0545e+02
chr12:120291895	["C","T"]	NA	1	false	4	71034	5.6311063E-5	4	70928	5.6395216E-5	0	1	7700	20853	1.0000e+00	0.0000e+00	0.0000e+00	1.0545e+02
chr12:120291896	["G","C"]	NA	2	true	1	71034	1.4077766E-5	1	70932	1.4098009E-5	0	1	7700	20853	1.0000e+00	0.0000e+00	0.0000e+00	1.0545e+02
chr12:120291897	["C","G"]	NA	1	true	1	71030	1.4078559E-5	1	70914	1.4101588E-5	0	1	7700	20853	1.0000e+00	0.0000e+00	0.0000e+00	1.0545e+02
chr12:120291897	["C","T"]	NA	2	true	1	71030	1.4078559E-5	1	70914	1.4101588E-5	0	1	7700	20853	1.0000e+00	0.0000e+00	0.0000e+00	1.0545e+02
chr12:120291903	["T","C"]	NA	1	true	1	71024	1.4079747E-5	1	70890	1.4106362E-5	0	1	7700	20853	1.0000e+00	0.0000e+00	0.0000e+00	1.0545e+02
chr12:120291906	["A","C"]	NA	2	true	1	71042	1.407618E-5	1	70916	1.4101191E-5	0	1	7700	20853	1.0000e+00	0.0000e+00	0.0000e+00	1.0545e+02
chr12:120291906	["A","G"]	NA	3	true	4	71042	5.630472E-5	4	70916	5.6404762E-5	1	3	7699	20851	1.0000e+00	9.0276e-01	1.7194e-02	1.1246e+01
chr12:120291907	["A","C"]	NA	1	true	1	71024	1.4079747E-5	1	70880	1.4108352E-5	0	1	7700	20853	1.0000e+00	0.0000e+00	0.0000e+00	1.0545e+02
chr12:120291908	["A","T"]	NA	2	true	1	71030	1.4078559E-5	0	70908	0.0	0	1	7700	20853	1.0000e+00	0.0000e+00	0.0000e+00	1.0545e+02
chr12:120291915	["GTT","G"]	NA	3	true	1	70988	1.4086888E-5	1	70622	1.4159894E-5	0	1	7700	20853	1.0000e+00	0.0000e+00	0.0000e+00	1.0545e+02
chr12:120291916	["T","TAG"]	NA	3	true	1	71004	1.4083714E-5	1	70894	1.4105566E-5	0	1	7700	20853	1.0000e+00	0.0000e+00	0.0000e+00	1.0545e+02
chr12:120291918	["C","A"]	NA	1	true	1	71032	1.4078162E-5	0	70896	0.0	0	1	7700	20853	1.0000e+00	0.0000e+00	0.0000e+00	1.0545e+02
chr12:120291918	["C","G"]	NA	2	true	2	71032	2.8156324E-5	2	70896	2.8210336E-5	0	1	7700	20853	1.0000e+00	0.0000e+00	0.0000e+00	1.0545e+02
chr12:120291919	["G","T"]	NA	3	true	2	71016	2.8162667E-5	2	70884	2.8215112E-5	0	1	7700	20853	1.0000e+00	0.0000e+00	0.0000e+00	1.0545e+02
chr12:120291923	["C","A"]	NA	1	false	1	71032	1.4078162E-5	0	70900	0.0	0	1	7700	20853	1.0000e+00	0.0000e+00	0.0000e+00	1.0545e+02
chr12:120291928	["T","A"]	NA	1	true	1	71018	1.4080937E-5	1	70864	1.4111538E-5	0	1	7700	20853	1.0000e+00	0.0000e+00	0.0000e+00	1.0545e+02
chr12:120291928	["T","C"]	NA	2	true	1	71018	1.4080937E-5	1	70864	1.4111538E-5	0	1	7700	20853	1.0000e+00	0.0000e+00	0.0000e+00	1.0545e+02
chr12:120291932	["C","A"]	NA	1	false	1	71042	1.407618E-5	0	70970	0.0	0	1	7700	20853	1.0000e+00	0.0000e+00	0.0000e+00	1.0545e+02
chr12:120291935	["C","A"]	NA	1	true	2	71034	2.8155531E-5	2	70958	2.8185686E-5	0	1	7700	20853	1.0000e+00	0.0000e+00	0.0000e+00	1.0545e+02
chr12:120291935	["C","T"]	NA	2	true	1	71034	1.4077766E-5	1	70958	1.4092843E-5	0	1	7700	20853	1.0000e+00	0.0000e+00	0.0000e+00	1.0545e+02
chr12:120291943	["GACTA","AACTA"]	NA	1	false	1	71034	1.4077766E-5	1	70952	1.4094036E-5	0	1	7700	20853	1.0000e+00	0.0000e+00	0.0000e+00	1.0545e+02
chr12:120291945	["C","A"]	NA	1	false	1	71036	1.4077369E-5	0	70952	0.0	0	1	7700	20853	1.0000e+00	0.0000e+00	0.0000e+00	1.0545e+02
chr12:120291949	["C","T"]	NA	1	false	1	71032	1.4078162E-5	1	70946	1.4095227E-5	0	1	7700	20853	1.0000e+00	0.0000e+00	0.0000e+00	1.0545e+02
chr12:120291950	["A","C"]	NA	1	false	1	71034	1.4077766E-5	0	70898	0.0	0	1	7700	20853	1.0000e+00	0.0000e+00	0.0000e+00	1.0545e+02
chr12:120291953	["A","C"]	NA	1	true	1	71034	1.4077766E-5	1	70872	1.41099445E-5	0	1	7700	20853	1.0000e+00	0.0000e+00	0.0000e+00	1.0545e+02
chr12:120291956	["T","C"]	NA	1	true	1	71036	1.4077369E-5	1	70950	1.4094433E-5	0	1	7700	20853	1.0000e+00	0.0000e+00	0.0000e+00	1.0545e+02
chr12:120291974	["C","T"]	NA	1	false	1	71040	1.4076577E-5	1	70952	1.4094036E-5	0	1	7700	20853	1.0000e+00	0.0000e+00	0.0000e+00	1.0545e+02
chr12:120291975	["C","T"]	NA	1	false	1	71032	1.4078162E-5	1	70964	1.4091652E-5	0	1	7700	20853	1.0000e+00	0.0000e+00	0.0000e+00	1.0545e+02
chr12:120291984	["G","A"]	NA	1	true	1	71028	1.4078954E-5	1	70952	1.4094036E-5	0	1	7700	20853	1.0000e+00	0.0000e+00	0.0000e+00	1.0545e+02
chr12:120291984	["G","T"]	NA	2	true	1	71028	1.4078954E-5	1	70952	1.4094036E-5	0	1	7700	20853	1.0000e+00	0.0000e+00	0.0000e+00	1.0545e+02
chr12:120291986	["G","C"]	NA	1	true	1	71036	1.4077369E-5	1	70970	1.409046E-5	0	1	7700	20853	1.0000e+00	0.0000e+00	0.0000e+00	1.0545e+02
chr12:120291986	["G","T"]	NA	2	true	1	71036	1.4077369E-5	0	70968	0.0	0	1	7700	20853	1.0000e+00	0.0000e+00	0.0000e+00	1.0545e+02
chr12:120291992	["G","A"]	NA	1	false	1	71034	1.4077766E-5	0	70932	0.0	0	1	7700	20853	1.0000e+00	0.0000e+00	0.0000e+00	1.0545e+02
chr12:120291711	["T","C"]	NA	2	true	7	71024	9.855824E-5	7	70928	9.869163E-5	1	2	7699	20852	1.0000e+00	1.3542e+00	2.2951e-02	2.6017e+01
chr12:120291713	["C","T"]	NA	1	false	3	71018	4.2242813E-5	3	70894	4.2316697E-5	1	2	7699	20852	1.0000e+00	1.3542e+00	2.2951e-02	2.6017e+01
chr12:120291740	["T","C"]	NA	2	true	27	70986	3.8035668E-4	27	70786	3.8143137E-4	5	16	7695	20838	1.0000e+00	8.4626e-01	2.4237e-01	2.4185e+00
chr12:120291741	["C","G"]	NA	1	true	3	70984	4.2263044E-5	3	70782	4.2383657E-5	1	2	7699	20852	1.0000e+00	1.3542e+00	2.2951e-02	2.6017e+01
chr12:120291759	["T","C"]	NA	1	false	22	71024	3.0975445E-4	22	70946	3.10095E-4	5	16	7695	20838	1.0000e+00	8.4626e-01	2.4237e-01	2.4185e+00
chr12:120291767	["C","T"]	NA	1	false	8	71028	1.12631635E-4	8	70940	1.12771355E-4	1	5	7699	20849	1.0000e+00	5.4159e-01	1.1453e-02	4.8414e+00
chr12:120291794	["C","T"]	NA	1	false	7	71036	9.854158E-5	7	70954	9.8655466E-5	2	5	7698	20849	1.0000e+00	1.0834e+00	1.0312e-01	6.6190e+00
chr12:120291795	["C","T"]	NA	1	false	3	71028	4.2236865E-5	3	70944	4.2286872E-5	1	2	7699	20852	1.0000e+00	1.3542e+00	2.2951e-02	2.6017e+01
chr12:120291798	["CTA","TTA"]	NA	1	false	3	71022	4.2240434E-5	3	70966	4.2273765E-5	1	2	7699	20852	1.0000e+00	1.3542e+00	2.2951e-02	2.6017e+01
chr12:120291809	["G","T"]	NA	3	true	5	71030	7.0392794E-5	5	70976	7.0446345E-5	1	2	7699	20852	1.0000e+00	1.3542e+00	2.2951e-02	2.6017e+01
chr12:120291867	["A","C"]	NA	1	true	8	71020	1.12644324E-4	8	70932	1.1278407E-4	2	5	7698	20849	1.0000e+00	1.0834e+00	1.0312e-01	6.6190e+00
chr12:120291888	["G","A"]	NA	1	false	3	71014	4.2245192E-5	3	70902	4.2311924E-5	1	2	7699	20852	1.0000e+00	1.3542e+00	2.2951e-02	2.6017e+01
chr12:120291894	["G","A"]	NA	1	true	3	71040	4.222973E-5	3	70934	4.2292835E-5	1	2	7699	20852	1.0000e+00	1.3542e+00	2.2951e-02	2.6017e+01
chr12:120291909	["G","C"]	NA	2	true	6	71036	8.446421E-5	6	70886	8.464295E-5	1	5	7699	20849	1.0000e+00	5.4159e-01	1.1453e-02	4.8414e+00
chr12:120291946	["T","C"]	NA	1	false	3	71030	4.2235675E-5	3	70898	4.231431E-5	1	2	7699	20852	1.0000e+00	1.3542e+00	2.2951e-02	2.6017e+01
chr12:120291701	["A","C"]	NA	2	true	1	71046	1.4075388E-5	1	70958	1.4092843E-5	0	0	7700	20854	NaN	NaN	NaN	NaN
chr12:120291723	["A","AGTT"]	NA	3	true	2	71014	2.816346E-5	2	70828	2.823742E-5	0	0	7700	20854	NaN	NaN	NaN	NaN
chr12:120291724	["C","CCTAAAACCCACAAG"]	NA	2	true	2	71014	2.816346E-5	2	70824	2.8239016E-5	0	0	7700	20854	NaN	NaN	NaN	NaN
chr12:120291736	["C","G"]	NA	3	true	1	70986	1.4087284E-5	1	70782	1.4127886E-5	0	0	7700	20854	NaN	NaN	NaN	NaN
chr12:120291745	["A","T"]	NA	2	true	1	68622	1.4572586E-5	1	68516	1.4595131E-5	0	0	7700	20854	NaN	NaN	NaN	NaN
chr12:120291769	["TAG","T"]	NA	2	true	1	71044	1.4075784E-5	1	70994	1.4085697E-5	0	0	7700	20854	NaN	NaN	NaN	NaN
chr12:120291772	["A","G"]	NA	1	false	1	71044	1.4075784E-5	1	70994	1.4085697E-5	0	0	7700	20854	NaN	NaN	NaN	NaN
chr12:120291773	["G","C"]	NA	2	true	1	71032	1.4078162E-5	1	70968	1.4090858E-5	0	0	7700	20854	NaN	NaN	NaN	NaN
chr12:120291787	["G","A"]	NA	1	false	1	71032	1.4078162E-5	1	70940	1.4096419E-5	0	0	7700	20854	NaN	NaN	NaN	NaN
chr12:120291820	["G","A"]	NA	1	true	1	71038	1.4076973E-5	1	70960	1.4092447E-5	0	0	7700	20854	NaN	NaN	NaN	NaN
chr12:120291826	["T","C"]	NA	1	false	1	71030	1.4078559E-5	1	70920	1.4100395E-5	0	0	7700	20854	NaN	NaN	NaN	NaN
chr12:120291830	["G","A"]	NA	1	false	1	71042	1.407618E-5	1	70964	1.4091652E-5	0	0	7700	20854	NaN	NaN	NaN	NaN
chr12:120291831	["A","G"]	NA	1	false	1	71034	1.4077766E-5	1	70958	1.4092843E-5	0	0	7700	20854	NaN	NaN	NaN	NaN
chr12:120291862	["G","T"]	NA	2	true	1	71034	1.4077766E-5	1	70950	1.4094433E-5	0	0	7700	20854	NaN	NaN	NaN	NaN
chr12:120291873	["A","T"]	NA	3	true	1	71022	1.4080144E-5	1	70912	1.41019855E-5	0	0	7700	20854	NaN	NaN	NaN	NaN
chr12:120291890	["C","T"]	NA	1	false	1	71030	1.4078559E-5	1	70936	1.4097214E-5	0	0	7700	20854	NaN	NaN	NaN	NaN
chr12:120291914	["T","G"]	NA	2	true	1	70824	1.4119508E-5	1	70706	1.4143071E-5	0	0	7700	20854	NaN	NaN	NaN	NaN
chr12:120291917	["T","C"]	NA	1	false	1	71020	1.40805405E-5	1	70898	1.410477E-5	0	0	7700	20854	NaN	NaN	NaN	NaN
chr12:120291947	["A","G"]	NA	1	false	1	71034	1.4077766E-5	1	70936	1.4097214E-5	0	0	7700	20854	NaN	NaN	NaN	NaN
chr12:120291968	["G","A"]	NA	1	false	1	71040	1.4076577E-5	1	70964	1.4091652E-5	0	0	7700	20854	NaN	NaN	NaN	NaN
chr12:120291991	["C","T"]	NA	1	false	1	71034	1.4077766E-5	1	70974	1.4089666E-5	0	0	7700	20854	NaN	NaN	NaN	NaN
chr12:120291999	["T","C"]	NA	1	false	1	71032	1.4078162E-5	0	70944	0.0	0	0	7700	20854	NaN	NaN	NaN	NaN
